longitude,latitude,elevation,year,ppt,tmin,tmean,tmax
-120.1371,38.8766,7953,1900,51.25,30.6,40.7,50.9
-116.8156,34.1686,6818,1905,29.77,31.1,46.8,62.4
-117.0677,34.1432,2828,1907,27.58,48.7,61.8,74.9
-116.9208,34.1844,6135,1910,12.79,34.1,49.8,65.6
-118.2917,35.8307,7326,1911,40.24,31.4,43.1,54.8
-118.2917,35.8307,7326,1911,40.24,31.4,43.1,54.8
-118.2917,35.8307,7326,1911,40.24,31.4,43.1,54.8
-118.2917,35.8307,7326,1911,40.24,31.4,43.1,54.8
-118.2917,35.8307,7326,1911,40.24,31.4,43.1,54.8
-118.2844,35.8828,7500,1911,34.32,30.6,43.5,56.4
-118.2262,36.0929,8025,1911,28.81,26.3,41.4,56.5
-118.2262,36.0929,8025,1911,28.81,26.3,41.4,56.5
-118.196,36.2048,8389,1911,27.59,23.5,38.4,53.4
-118.196,36.2048,8389,1911,27.59,23.5,38.4,53.4
-118.196,36.2048,8389,1911,27.59,23.5,38.4,53.4
-118.196,36.2048,8389,1911,27.59,23.5,38.4,53.4
-118.196,36.2048,8389,1911,27.59,23.5,38.4,53.4
-118.196,36.2048,8389,1911,27.59,23.5,38.4,53.4
-118.196,36.2048,8389,1911,27.59,23.5,38.4,53.4
-118.2601,36.3525,9124,1911,18.87,20.1,35.6,51.1
-118.2671,36.4341,9905,1911,26.42,17.4,33,48.5
-118.2671,36.4341,9905,1911,26.42,17.4,33,48.5
-118.2671,36.4341,9905,1911,26.42,17.4,33,48.5
-118.2671,36.4341,9905,1911,26.42,17.4,33,48.5
-118.2671,36.4341,9905,1911,26.42,17.4,33,48.5
-118.2671,36.4341,9905,1911,26.42,17.4,33,48.5
-118.2671,36.4341,9905,1911,26.42,17.4,33,48.5
-118.2671,36.4341,9905,1911,26.42,17.4,33,48.5
-118.2671,36.4341,9905,1911,26.42,17.4,33,48.5
-118.2671,36.4341,9905,1911,26.42,17.4,33,48.5
-118.2671,36.4341,9905,1911,26.42,17.4,33,48.5
-118.2671,36.4341,9905,1911,26.42,17.4,33,48.5
-118.2671,36.4341,9905,1911,26.42,17.4,33,48.5
-118.2671,36.4341,9905,1911,26.42,17.4,33,48.5
-119.8813,37.589,3934,1915,46.78,38.5,52.8,67
-119.6326,37.6525,7064,1915,40.72,32.3,44.2,56
-119.6326,37.6525,7064,1915,40.72,32.3,44.2,56
-120.2904,37.6564,1142,1915,20,47.1,60,72.9
-120.2904,37.6564,1142,1915,20,47.1,60,72.9
-120.1419,37.7385,3205,1915,40.03,36.7,52.5,68.3
-119.4922,37.746,7516,1915,44.73,28.6,42,55.4
-120.1058,37.7535,3205,1915,40.03,36.7,52.5,68.3
-120.1058,37.7535,3205,1915,40.03,36.7,52.5,68.3
-120.1058,37.7535,3205,1915,40.03,36.7,52.5,68.3
-120.1058,37.7535,3205,1915,40.03,36.7,52.5,68.3
-120.1058,37.7535,3205,1915,40.03,36.7,52.5,68.3
-120.1058,37.7535,3205,1915,40.03,36.7,52.5,68.3
-119.2734,37.766,11660,1915,52.72,19.4,30.3,41.3
-119.2575,37.7722,10289,1915,50.48,17.6,31.8,46
-119.2575,37.7722,10289,1915,50.48,17.6,31.8,46
-119.2609,37.777,10289,1915,50.48,17.6,31.8,46
-119.341,37.7876,10607,1915,46.15,19.2,32.1,45.1
-119.341,37.7876,10607,1915,46.15,19.2,32.1,45.1
-119.341,37.7876,10607,1915,46.15,19.2,32.1,45.1
-119.341,37.7876,10607,1915,46.15,19.2,32.1,45.1
-119.341,37.7876,10607,1915,46.15,19.2,32.1,45.1
-119.341,37.7876,10607,1915,46.15,19.2,32.1,45.1
-119.341,37.7876,10607,1915,46.15,19.2,32.1,45.1
-119.341,37.7876,10607,1915,46.15,19.2,32.1,45.1
-119.341,37.7876,10607,1915,46.15,19.2,32.1,45.1
-119.341,37.7876,10607,1915,46.15,19.2,32.1,45.1
-119.341,37.7876,10607,1915,46.15,19.2,32.1,45.1
-119.341,37.7876,10607,1915,46.15,19.2,32.1,45.1
-119.341,37.7876,10607,1915,46.15,19.2,32.1,45.1
-119.341,37.7876,10607,1915,46.15,19.2,32.1,45.1
-119.341,37.7876,10607,1915,46.15,19.2,32.1,45.1
-119.341,37.7876,10607,1915,46.15,19.2,32.1,45.1
-119.341,37.7876,10607,1915,46.15,19.2,32.1,45.1
-119.341,37.7876,10607,1915,46.15,19.2,32.1,45.1
-119.341,37.7876,10607,1915,46.15,19.2,32.1,45.1
-119.341,37.7876,10607,1915,46.15,19.2,32.1,45.1
-119.341,37.7876,10607,1915,46.15,19.2,32.1,45.1
-119.341,37.7876,10607,1915,46.15,19.2,32.1,45.1
-119.341,37.7876,10607,1915,46.15,19.2,32.1,45.1
-119.341,37.7876,10607,1915,46.15,19.2,32.1,45.1
-119.5563,37.8053,7740,1915,47.7,28,41.4,54.8
-119.5563,37.8053,7740,1915,47.7,28,41.4,54.8
-119.5563,37.8053,7740,1915,47.7,28,41.4,54.8
-119.3255,37.8082,10607,1915,46.15,19.2,32.1,45.1
-119.3255,37.8082,10607,1915,46.15,19.2,32.1,45.1
-119.3255,37.8082,10607,1915,46.15,19.2,32.1,45.1
-119.3255,37.8082,10607,1915,46.15,19.2,32.1,45.1
-119.3255,37.8082,10607,1915,46.15,19.2,32.1,45.1
-119.3255,37.8082,10607,1915,46.15,19.2,32.1,45.1
-119.3255,37.8082,10607,1915,46.15,19.2,32.1,45.1
-119.3255,37.8082,10607,1915,46.15,19.2,32.1,45.1
-119.3255,37.8082,10607,1915,46.15,19.2,32.1,45.1
-119.3255,37.8082,10607,1915,46.15,19.2,32.1,45.1
-119.3255,37.8082,10607,1915,46.15,19.2,32.1,45.1
-119.395,37.8794,8786,1915,37.12,17.3,34.5,51.8
-119.3549,37.9184,9337,1915,39.16,18.7,34.1,49.5
-119.345,37.9378,10597,1915,51.45,18.6,31.8,44.9
-119.345,37.9378,10597,1915,51.45,18.6,31.8,44.9
-119.3373,37.9383,10597,1915,51.45,18.6,31.8,44.9
-119.3373,37.9383,10597,1915,51.45,18.6,31.8,44.9
-119.3373,37.9383,10597,1915,51.45,18.6,31.8,44.9
-119.3373,37.9383,10597,1915,51.45,18.6,31.8,44.9
-119.3373,37.9383,10597,1915,51.45,18.6,31.8,44.9
-119.3373,37.9383,10597,1915,51.45,18.6,31.8,44.9
-118.4038,36.7726,11414,1916,71.56,18.5,29.7,40.9
-118.4038,36.7726,11414,1916,71.56,18.5,29.7,40.9
-118.4038,36.7726,11414,1916,71.56,18.5,29.7,40.9
-118.9106,36.7862,5584,1916,50.87,35.2,46.8,58.4
-118.9106,36.7862,5584,1916,50.87,35.2,46.8,58.4
-118.9106,36.7862,5584,1916,50.87,35.2,46.8,58.4
-118.9106,36.7862,5584,1916,50.87,35.2,46.8,58.4
-118.9106,36.7862,5584,1916,50.87,35.2,46.8,58.4
-118.9106,36.7862,5584,1916,50.87,35.2,46.8,58.4
-118.9106,36.7862,5584,1916,50.87,35.2,46.8,58.4
-118.9106,36.7862,5584,1916,50.87,35.2,46.8,58.4
-118.9106,36.7862,5584,1916,50.87,35.2,46.8,58.4
-118.9106,36.7862,5584,1916,50.87,35.2,46.8,58.4
-118.9106,36.7862,5584,1916,50.87,35.2,46.8,58.4
-118.9106,36.7862,5584,1916,50.87,35.2,46.8,58.4
-118.9106,36.7862,5584,1916,50.87,35.2,46.8,58.4
-118.9106,36.7862,5584,1916,50.87,35.2,46.8,58.4
-118.6729,36.7929,5587,1916,50.41,34.4,48.4,62.5
-119.1053,37.9089,7526,1916,22.02,23.3,39.4,55.4
-119.1053,37.9089,7526,1916,22.02,23.3,39.4,55.4
-119.1053,37.9089,7526,1916,22.02,23.3,39.4,55.4
-119.1053,37.9089,7526,1916,22.02,23.3,39.4,55.4
-119.1053,37.9089,7526,1916,22.02,23.3,39.4,55.4
-119.1053,37.9089,7526,1916,22.02,23.3,39.4,55.4
-119.1053,37.9089,7526,1916,22.02,23.3,39.4,55.4
-119.1053,37.9089,7526,1916,22.02,23.3,39.4,55.4
-120.2132,37.7108,1736,1919,20.82,42.7,57.5,72.3
-119.235,37.2317,7651,1922,38.14,31.1,41.8,52.5
-119.235,37.2317,7651,1922,38.14,31.1,41.8,52.5
-119.235,37.2317,7651,1922,38.14,31.1,41.8,52.5
-119.235,37.2317,7651,1922,38.14,31.1,41.8,52.5
-119.235,37.2317,7651,1922,38.14,31.1,41.8,52.5
-119.0019,37.6152,8661,1922,34.99,23.7,37.8,51.9
-118.9996,37.631,8661,1922,34.99,23.7,37.8,51.9
-119.4299,37.7013,9606,1922,60.14,23.3,35.1,46.9
-117.0033,34.129,5174,1923,17.89,36.2,49.4,62.6
-121.5435,40.0797,4498,1923,31.57,34.6,47.8,61
-121.5435,40.0797,4498,1923,31.57,34.6,47.8,61
-120.18,38.6181,7579,1925,50.9,30.9,42.2,53.6
-119.3089,37.1353,5446,1926,35.66,42.8,53.2,63.6
-119.9719,39.2514,6519,1931,24.36,29.1,43.3,57.5
-119.2518,37.9246,10318,1932,26.11,22.8,35,47.2
-119.2518,37.9246,10318,1932,26.11,22.8,35,47.2
-119.2518,37.9246,10318,1932,26.11,22.8,35,47.2
-119.2541,37.9272,10318,1932,26.11,22.8,35,47.2
-119.2541,37.9272,10318,1932,26.11,22.8,35,47.2
-119.9719,39.3311,8835,1932,28.45,26.4,37.5,48.6
-119.9719,39.3311,8835,1932,28.45,26.4,37.5,48.6
-119.9719,39.3311,8835,1932,28.45,26.4,37.5,48.6
-119.9719,39.3311,8835,1932,28.45,26.4,37.5,48.6
-119.9719,39.3311,8835,1932,28.45,26.4,37.5,48.6
-119.9719,39.3311,8835,1932,28.45,26.4,37.5,48.6
-119.9719,39.3311,8835,1932,28.45,26.4,37.5,48.6
-119.9719,39.3311,8835,1932,28.45,26.4,37.5,48.6
-119.9719,39.3311,8835,1932,28.45,26.4,37.5,48.6
-119.9719,39.3311,8835,1932,28.45,26.4,37.5,48.6
-118.7676,36.5679,7008,1933,40.59,33.7,45.5,57.2
-118.7676,36.5679,7008,1933,40.59,33.7,45.5,57.2
-118.7676,36.5679,7008,1933,40.59,33.7,45.5,57.2
-118.7676,36.5679,7008,1933,40.59,33.7,45.5,57.2
-118.5436,36.1184,7198,1934,31.45,35.1,46.8,58.5
-118.54,36.1807,7726,1934,32.93,34,45.5,57.1
-118.5492,36.5573,10794,1934,27.84,24.1,36.6,49.2
-118.4001,36.6793,11627,1934,21.82,23.4,34.8,46.2
-119.7675,39.3553,4856,1934,9.71,36.6,52.7,68.9
-119.7675,39.3553,4856,1934,9.71,36.6,52.7,68.9
-119.7675,39.3553,4856,1934,9.71,36.6,52.7,68.9
-119.7675,39.3553,4856,1934,9.71,36.6,52.7,68.9
-119.7675,39.3553,4856,1934,9.71,36.6,52.7,68.9
-119.7675,39.3553,4856,1934,9.71,36.6,52.7,68.9
-120,39.11,6234,1935,19.73,26.9,41.7,56.6
-120,39.11,6234,1935,19.73,26.9,41.7,56.6
-119.8847,39.2857,7503,1936,38.59,29.6,42.1,54.7
-117.8561,34.3545,7044,1939,23.14,39.4,49.8,60.3
-117.8561,34.3545,7044,1939,23.14,39.4,49.8,60.3
-117.8561,34.3545,7044,1939,23.14,39.4,49.8,60.3
-118.7565,37.4087,11260,1939,29.06,23.8,35.6,47.4
-119.4595,37.8318,8684,1939,31.03,27.3,40.7,54.1
-119.4595,37.8318,8684,1939,31.03,27.3,40.7,54.1
-119.3672,37.844,10121,1939,27.94,24.9,37.2,49.4
-119.3672,37.844,10121,1939,27.94,24.9,37.2,49.4
-119.3672,37.844,10121,1939,27.94,24.9,37.2,49.4
-119.3672,37.844,10121,1939,27.94,24.9,37.2,49.4
-119.3672,37.844,10121,1939,27.94,24.9,37.2,49.4
-119.3672,37.844,10121,1939,27.94,24.9,37.2,49.4
-119.3672,37.844,10121,1939,27.94,24.9,37.2,49.4
-119.3672,37.844,10121,1939,27.94,24.9,37.2,49.4
-119.3672,37.844,10121,1939,27.94,24.9,37.2,49.4
-119.3672,37.844,10121,1939,27.94,24.9,37.2,49.4
-119.3672,37.844,10121,1939,27.94,24.9,37.2,49.4
-119.3672,37.844,10121,1939,27.94,24.9,37.2,49.4
-119.3672,37.844,10121,1939,27.94,24.9,37.2,49.4
-119.3672,37.844,10121,1939,27.94,24.9,37.2,49.4
-119.3672,37.844,10121,1939,27.94,24.9,37.2,49.4
-119.3672,37.844,10121,1939,27.94,24.9,37.2,49.4
-119.2572,37.9094,10318,1939,23.17,25.3,36.8,48.4
-119.2572,37.9094,10318,1939,23.17,25.3,36.8,48.4
-119.2572,37.9094,10318,1939,23.17,25.3,36.8,48.4
-119.2572,37.9094,10318,1939,23.17,25.3,36.8,48.4
-119.8099,38.5734,7598,1939,28.69,27.3,41.6,56
-119.8099,38.5734,7598,1939,28.69,27.3,41.6,56
-119.8099,38.5734,7598,1939,28.69,27.3,41.6,56
-119.8099,38.5734,7598,1939,28.69,27.3,41.6,56
-119.938,38.6246,8448,1939,34.89,25.7,39.2,52.7
-119.938,38.6246,8448,1939,34.89,25.7,39.2,52.7
-119.938,38.6246,8448,1939,34.89,25.7,39.2,52.7
-119.938,38.6246,8448,1939,34.89,25.7,39.2,52.7
-119.938,38.6246,8448,1939,34.89,25.7,39.2,52.7
-119.9302,38.682,8015,1939,31.93,26.8,40.6,54.5
-119.9302,38.682,8015,1939,31.93,26.8,40.6,54.5
-119.9302,38.682,8015,1939,31.93,26.8,40.6,54.5
-119.9302,38.682,8015,1939,31.93,26.8,40.6,54.5
-118.7482,36.5646,7008,1940,70.35,35.8,46.9,58
-118.5665,36.1276,6430,1942,41.67,34.3,46.2,58.1
-118.5665,36.1276,6430,1942,41.67,34.3,46.2,58.1
-118.5665,36.1276,6430,1942,41.67,34.3,46.2,58.1
-119.9463,38.511,8035,1943,54.51,27.9,40.3,52.7
-119.9463,38.511,8035,1943,54.51,27.9,40.3,52.7
-119.9463,38.511,8035,1943,54.51,27.9,40.3,52.7
-119.9463,38.511,8035,1943,54.51,27.9,40.3,52.7
-119.9463,38.511,8035,1943,54.51,27.9,40.3,52.7
-119.9463,38.511,8035,1943,54.51,27.9,40.3,52.7
-119.9463,38.511,8035,1943,54.51,27.9,40.3,52.7
-119.9463,38.511,8035,1943,54.51,27.9,40.3,52.7
-119.9463,38.511,8035,1943,54.51,27.9,40.3,52.7
-119.9463,38.511,8035,1943,54.51,27.9,40.3,52.7
-119.9463,38.511,8035,1943,54.51,27.9,40.3,52.7
-119.9463,38.511,8035,1943,54.51,27.9,40.3,52.7
-120.9823,39.6036,4094,1943,64.82,39.7,52.5,65.4
-118.7351,37.3174,11270,1945,59.71,21.7,32.7,43.8
-118.7351,37.3174,11270,1945,59.71,21.7,32.7,43.8
-118.7318,37.3454,11270,1945,59.71,21.7,32.7,43.8
-118.7318,37.3454,11270,1945,59.71,21.7,32.7,43.8
-118.7318,37.3454,11270,1945,59.71,21.7,32.7,43.8
-118.7318,37.3454,11270,1945,59.71,21.7,32.7,43.8
-120.0961,38.818,7995,1945,74.56,29.2,39.9,50.7
-119.5746,37.6749,7215,1946,34.38,32.3,44.4,56.6
-119.2618,37.7416,11112,1946,42.12,22.1,32.6,43.2
-120.0014,38.4362,6877,1946,38.05,29,42.7,56.3
-120.0014,38.4362,6877,1946,38.05,29,42.7,56.3
-119.0737,37.6196,7956,1948,17.34,23.2,38.9,54.6
-119.0737,37.6196,7956,1948,17.34,23.2,38.9,54.6
-119.0737,37.6196,7956,1948,17.34,23.2,38.9,54.6
-119.2573,37.7718,10289,1948,29.91,19.2,32.4,45.7
-120.0348,38.8125,7103,1949,27.65,27.6,41.6,55.5
-116.9,33.34,4462,1951,28.55,42,55.3,68.7
-116.9,33.34,4462,1951,28.55,42,55.3,68.7
-116.9,33.34,4462,1951,28.55,42,55.3,68.7
-116.9,33.34,4462,1951,28.55,42,55.3,68.7
-116.9,33.34,4462,1951,28.55,42,55.3,68.7
-116.9,33.34,4462,1951,28.55,42,55.3,68.7
-116.9,33.34,4462,1951,28.55,42,55.3,68.7
-116.9,33.34,4462,1951,28.55,42,55.3,68.7
-116.9,33.34,4462,1951,28.55,42,55.3,68.7
-116.9,33.34,4462,1951,28.55,42,55.3,68.7
-118.7469,36.5565,5102,1951,39.4,39.4,50.8,62.2
-118.7767,36.5641,5906,1951,44.32,34.9,46.4,57.9
-120.2402,37.9664,2703,1951,38.69,38.9,54.8,70.7
-120.2112,39.438,6266,1951,38.18,27.8,42.6,57.4
-120.2112,39.438,6266,1951,38.18,27.8,42.6,57.4
-120.2112,39.438,6266,1951,38.18,27.8,42.6,57.4
-120.2112,39.438,6266,1951,38.18,27.8,42.6,57.4
-118.5811,35.4676,6535,1952,38.9,37.9,48.1,58.3
-118.7502,36.1493,3389,1952,29.95,44.9,56.3,67.6
-119.9634,37.5865,2329,1952,38.06,41.7,56.3,70.9
-119.9634,37.5865,2329,1952,38.06,41.7,56.3,70.9
-119.9634,37.5865,2329,1952,38.06,41.7,56.3,70.9
-119.9634,37.5865,2329,1952,38.06,41.7,56.3,70.9
-119.9634,37.5865,2329,1952,38.06,41.7,56.3,70.9
-119.9634,37.5865,2329,1952,38.06,41.7,56.3,70.9
-119.9634,37.5865,2329,1952,38.06,41.7,56.3,70.9
-119.9634,37.5865,2329,1952,38.06,41.7,56.3,70.9
-119.9634,37.5865,2329,1952,38.06,41.7,56.3,70.9
-119.9634,37.5865,2329,1952,38.06,41.7,56.3,70.9
-119.9076,37.6495,2247,1952,38.66,43.1,56.7,70.3
-119.9076,37.6495,2247,1952,38.66,43.1,56.7,70.3
-120.278,38.3089,4829,1952,61.04,36.4,49.2,62
-120.278,38.3089,4829,1952,61.04,36.4,49.2,62
-120.278,38.3089,4829,1952,61.04,36.4,49.2,62
-120.278,38.3089,4829,1952,61.04,36.4,49.2,62
-120.278,38.3089,4829,1952,61.04,36.4,49.2,62
-120.278,38.3089,4829,1952,61.04,36.4,49.2,62
-119.6532,38.3333,9580,1952,62.96,20.9,33.5,46.1
-119.6532,38.3333,9580,1952,62.96,20.9,33.5,46.1
-119.6532,38.3333,9580,1952,62.96,20.9,33.5,46.1
-119.6532,38.3333,9580,1952,62.96,20.9,33.5,46.1
-119.6532,38.3333,9580,1952,62.96,20.9,33.5,46.1
-119.6532,38.3333,9580,1952,62.96,20.9,33.5,46.1
-119.6532,38.3333,9580,1952,62.96,20.9,33.5,46.1
-120.1097,38.4167,6719,1952,63.62,32.1,44.3,56.6
-120.1097,38.4167,6719,1952,63.62,32.1,44.3,56.6
-120.8375,38.7182,1736,1952,43.69,44.9,57.9,71
-120.8375,38.7182,1736,1952,43.69,44.9,57.9,71
-120.8375,38.7182,1736,1952,43.69,44.9,57.9,71
-120.8375,38.7182,1736,1952,43.69,44.9,57.9,71
-120.3087,39.4168,7382,1952,52.69,27.7,39.6,51.6
-120.2415,39.432,6929,1952,46.38,27.6,40.5,53.3
-120.2415,39.432,6929,1952,46.38,27.6,40.5,53.3
-121.469,40.06,5912,1952,86.43,34.1,45.3,56.6
-121.469,40.06,5912,1952,86.43,34.1,45.3,56.6
-118.5735,35.9415,5945,1953,23.26,33.4,47.2,61
-118.5735,35.9415,5945,1953,23.26,33.4,47.2,61
-118.9903,36.7315,5344,1953,22.29,38.9,50.2,61.5
-119.6951,37.1266,1371,1953,11.8,44.1,60,75.9
-119.6951,37.1266,1371,1953,11.8,44.1,60,75.9
-119.6951,37.1266,1371,1953,11.8,44.1,60,75.9
-119.6951,37.1266,1371,1953,11.8,44.1,60,75.9
-119.6951,37.1266,1371,1953,11.8,44.1,60,75.9
-119.6951,37.1266,1371,1953,11.8,44.1,60,75.9
-119.196,37.215,7231,1953,24.12,31.8,43.8,55.8
-119.196,37.215,7231,1953,24.12,31.8,43.8,55.8
-119.1018,37.2913,9058,1953,29.12,27,38.8,50.6
-119.1018,37.2913,9058,1953,29.12,27,38.8,50.6
-119.1018,37.2913,9058,1953,29.12,27,38.8,50.6
-119.1018,37.2913,9058,1953,29.12,27,38.8,50.6
-119.1018,37.2913,9058,1953,29.12,27,38.8,50.6
-119.1018,37.2913,9058,1953,29.12,27,38.8,50.6
-119.1018,37.2913,9058,1953,29.12,27,38.8,50.6
-119.1018,37.2913,9058,1953,29.12,27,38.8,50.6
-118.7119,37.4429,10384,1953,12.46,22.6,34.9,47.2
-118.7119,37.4429,10384,1953,12.46,22.6,34.9,47.2
-118.7119,37.4429,10384,1953,12.46,22.6,34.9,47.2
-119.6372,37.4787,4980,1953,25.15,37.8,51.4,65
-119.6372,37.4787,4980,1953,25.15,37.8,51.4,65
-119.9671,37.5835,2329,1953,18.6,41.6,56.6,71.7
-119.9322,37.635,2890,1953,20.64,40,55.1,70.3
-119.9322,37.635,2890,1953,20.64,40,55.1,70.3
-119.8122,37.6677,2799,1953,21.04,42.5,56.4,70.4
-119.8122,37.6677,2799,1953,21.04,42.5,56.4,70.4
-119.8122,37.6677,2799,1953,21.04,42.5,56.4,70.4
-119.8122,37.6677,2799,1953,21.04,42.5,56.4,70.4
-119.8122,37.6677,2799,1953,21.04,42.5,56.4,70.4
-119.8122,37.6677,2799,1953,21.04,42.5,56.4,70.4
-120.0353,37.7477,2730,1953,22.45,37.7,53.9,70.1
-120.2731,38.3013,4829,1953,37.94,36.6,49.5,62.4
-120.2731,38.3013,4829,1953,37.94,36.6,49.5,62.4
-120.2731,38.3013,4829,1953,37.94,36.6,49.5,62.4
-120.2731,38.3013,4829,1953,37.94,36.6,49.5,62.4
-120.2731,38.3013,4829,1953,37.94,36.6,49.5,62.4
-119.6422,38.3358,9718,1953,36.63,22.5,34.6,46.8
-119.6422,38.3358,9718,1953,36.63,22.5,34.6,46.8
-119.9752,38.4422,7247,1953,44.23,26,40.4,54.7
-119.9752,38.4422,7247,1953,44.23,26,40.4,54.7
-120.9398,38.8413,955,1953,25.67,46.6,59.8,73
-120.2415,39.432,6929,1953,28.71,27.8,41,54.3
-120.2415,39.432,6929,1953,28.71,27.8,41,54.3
-120.2415,39.432,6929,1953,28.71,27.8,41,54.3
-120.2415,39.432,6929,1953,28.71,27.8,41,54.3
-120.2415,39.432,6929,1953,28.71,27.8,41,54.3
-120.2415,39.432,6929,1953,28.71,27.8,41,54.3
-120.2415,39.432,6929,1953,28.71,27.8,41,54.3
-120.2415,39.432,6929,1953,28.71,27.8,41,54.3
-120.2415,39.432,6929,1953,28.71,27.8,41,54.3
-120.2415,39.432,6929,1953,28.71,27.8,41,54.3
-120.2415,39.432,6929,1953,28.71,27.8,41,54.3
-120.2415,39.432,6929,1953,28.71,27.8,41,54.3
-120.2415,39.432,6929,1953,28.71,27.8,41,54.3
-120.2415,39.432,6929,1953,28.71,27.8,41,54.3
-120.2415,39.432,6929,1953,28.71,27.8,41,54.3
-120.2415,39.432,6929,1953,28.71,27.8,41,54.3
-120.2415,39.432,6929,1953,28.71,27.8,41,54.3
-120.2415,39.432,6929,1953,28.71,27.8,41,54.3
-120.2112,39.438,6266,1953,24.88,27.1,42,57
-118.1144,35.7474,3392,1954,8.34,46.6,61.1,75.7
-118.1144,35.7474,3392,1954,8.34,46.6,61.1,75.7
-118.1144,35.7474,3392,1954,8.34,46.6,61.1,75.7
-118.1144,35.7474,3392,1954,8.34,46.6,61.1,75.7
-118.1144,35.7474,3392,1954,8.34,46.6,61.1,75.7
-118.1144,35.7474,3392,1954,8.34,46.6,61.1,75.7
-118.1144,35.7474,3392,1954,8.34,46.6,61.1,75.7
-118.1144,35.7474,3392,1954,8.34,46.6,61.1,75.7
-119.1933,37.2896,8940,1954,42.2,28.9,40.3,51.7
-119.1251,37.3047,8845,1954,42.34,28.7,40.5,52.4
-119.9656,37.5782,2329,1954,30.13,41.6,57.2,72.8
-119.9612,37.5855,2329,1954,30.13,41.6,57.2,72.8
-119.5893,37.7053,7444,1954,40.87,32.7,44.6,56.5
-119.7691,37.7589,6401,1954,42.17,37.5,48.4,59.2
-119.3651,37.8829,8786,1954,32.45,18.7,36.1,53.5
-119.256,37.9106,10318,1954,36.43,21.4,34.6,47.8
-119.256,37.9117,10318,1954,36.43,21.4,34.6,47.8
-119.256,37.9117,10318,1954,36.43,21.4,34.6,47.8
-119.256,37.9117,10318,1954,36.43,21.4,34.6,47.8
-119.256,37.9117,10318,1954,36.43,21.4,34.6,47.8
-119.2552,37.9121,10318,1954,36.43,21.4,34.6,47.8
-119.2552,37.9121,10318,1954,36.43,21.4,34.6,47.8
-119.2552,37.9121,10318,1954,36.43,21.4,34.6,47.8
-119.2552,37.9121,10318,1954,36.43,21.4,34.6,47.8
-119.2552,37.9121,10318,1954,36.43,21.4,34.6,47.8
-120.0778,38.4122,6444,1954,48.16,30.9,45.3,59.7
-119.8111,38.5445,8625,1954,55.22,25.2,38.1,50.9
-119.8111,38.5445,8625,1954,55.22,25.2,38.1,50.9
-118.7469,36.5565,5102,1955,49.47,37.8,49.7,61.7
-118.7469,36.5565,5102,1955,49.47,37.8,49.7,61.7
-118.7469,36.5565,5102,1955,49.47,37.8,49.7,61.7
-118.7469,36.5565,5102,1955,49.47,37.8,49.7,61.7
-118.7357,36.5916,7008,1955,58.5,31.9,43.1,54.3
-118.7357,36.5916,7008,1955,58.5,31.9,43.1,54.3
-118.7508,36.7453,7930,1955,53.31,28.1,40.6,53
-118.7508,36.7453,7930,1955,53.31,28.1,40.6,53
-118.7508,36.7453,7930,1955,53.31,28.1,40.6,53
-118.7508,36.7453,7930,1955,53.31,28.1,40.6,53
-119.295,36.9049,1526,1955,30.56,44.9,59.6,74.2
-119.295,36.9049,1526,1955,30.56,44.9,59.6,74.2
-119.295,36.9049,1526,1955,30.56,44.9,59.6,74.2
-119.295,36.9049,1526,1955,30.56,44.9,59.6,74.2
-119.295,36.9049,1526,1955,30.56,44.9,59.6,74.2
-119.1968,37.2448,7461,1955,53.38,29.8,41.9,53.9
-119.1251,37.3047,8845,1955,58.31,26.3,38.1,49.9
-119.1251,37.3047,8845,1955,58.31,26.3,38.1,49.9
-119.9651,37.6048,2333,1955,42.02,41,55.7,70.4
-119.0737,37.6196,7956,1955,31.41,23.3,39.2,55
-119.0737,37.6196,7956,1955,31.41,23.3,39.2,55
-119.0737,37.6196,7956,1955,31.41,23.3,39.2,55
-119.0737,37.6196,7956,1955,31.41,23.3,39.2,55
-119.0737,37.6196,7956,1955,31.41,23.3,39.2,55
-119.0737,37.6196,7956,1955,31.41,23.3,39.2,55
-119.0737,37.6196,7956,1955,31.41,23.3,39.2,55
-119.6819,37.6924,5600,1955,52.11,36,48.4,60.9
-119.6819,37.6924,5600,1955,52.11,36,48.4,60.9
-119.6819,37.6924,5600,1955,52.11,36,48.4,60.9
-119.6819,37.6924,5600,1955,52.11,36,48.4,60.9
-119.5643,37.8063,7877,1955,66.89,27.5,40.6,53.7
-120.6332,39.6537,6732,1955,86,32.3,43.4,54.4
-120.6332,39.6537,6732,1955,86,32.3,43.4,54.4
-120.6332,39.6537,6732,1955,86,32.3,43.4,54.4
-120.6332,39.6537,6732,1955,86,32.3,43.4,54.4
-120.6332,39.6537,6732,1955,86,32.3,43.4,54.4
-120.6332,39.6537,6732,1955,86,32.3,43.4,54.4
-120.6332,39.6537,6732,1955,86,32.3,43.4,54.4
-120.6332,39.6537,6732,1955,86,32.3,43.4,54.4
-120.6332,39.6537,6732,1955,86,32.3,43.4,54.4
-118.7252,36.5973,8064,1956,33.24,30.6,41.7,52.7
-118.7252,36.5973,8064,1956,33.24,30.6,41.7,52.7
-118.6868,36.601,9409,1956,41.31,27.4,37.9,48.4
-119.5786,37.7463,5341,1956,30.27,36.5,49.6,62.7
-120.0028,38.4789,7149,1956,45.4,28,41.6,55.2
-120.0028,38.4789,7149,1956,45.4,28,41.6,55.2
-120.0028,38.4789,7149,1956,45.4,28,41.6,55.2
-120.0028,38.4789,7149,1956,45.4,28,41.6,55.2
-120.0028,38.4789,7149,1956,45.4,28,41.6,55.2
-120.0028,38.4789,7149,1956,45.4,28,41.6,55.2
-120.0028,38.4789,7149,1956,45.4,28,41.6,55.2
-119.9302,38.682,8015,1956,42.88,26.4,39.3,52.2
-120.2481,39.4317,6929,1956,34.84,26.6,40.4,54.3
-119.9562,37.6129,2333,1957,29.65,42.9,56.6,70.2
-119.9896,38.6723,8993,1957,53.33,25.4,36.4,47.4
-118.8794,36.401,1788,1958,28.95,49.8,63,76.3
-118.889,36.4118,1788,1958,28.95,49.8,63,76.3
-118.731,37.2924,10958,1958,27.35,22,33.5,45.1
-118.7351,37.3174,11270,1958,27.21,22.7,33.9,45
-118.7351,37.3174,11270,1958,27.21,22.7,33.9,45
-118.7351,37.3174,11270,1958,27.21,22.7,33.9,45
-118.7351,37.3174,11270,1958,27.21,22.7,33.9,45
-118.7351,37.3174,11270,1958,27.21,22.7,33.9,45
-118.7351,37.3174,11270,1958,27.21,22.7,33.9,45
-118.7351,37.3174,11270,1958,27.21,22.7,33.9,45
-118.7351,37.3174,11270,1958,27.21,22.7,33.9,45
-118.7351,37.3174,11270,1958,27.21,22.7,33.9,45
-119.7069,38.4181,7989,1958,65.01,27.8,41.1,54.5
-119.9113,38.516,8097,1958,69.5,27.8,40.4,52.9
-119.9113,38.516,8097,1958,69.5,27.8,40.4,52.9
-120.3839,39.3243,7159,1958,70.45,30.4,42.6,54.7
-120.3839,39.3243,7159,1958,70.45,30.4,42.6,54.7
-120.3839,39.3243,7159,1958,70.45,30.4,42.6,54.7
-120.3839,39.3243,7159,1958,70.45,30.4,42.6,54.7
-120.3839,39.3243,7159,1958,70.45,30.4,42.6,54.7
-120.3839,39.3243,7159,1958,70.45,30.4,42.6,54.7
-120.3839,39.3243,7159,1958,70.45,30.4,42.6,54.7
-120.3839,39.3243,7159,1958,70.45,30.4,42.6,54.7
-120.3839,39.3243,7159,1958,70.45,30.4,42.6,54.7
-120.3839,39.3243,7159,1958,70.45,30.4,42.6,54.7
-120.3839,39.3243,7159,1958,70.45,30.4,42.6,54.7
-118.6578,36.1926,5499,1959,19.37,39.6,51.5,63.4
-119.0103,37.6919,7907,1959,9.37,24.2,41.8,59.3
-119.0103,37.6919,7907,1959,9.37,24.2,41.8,59.3
-119.0103,37.6919,7907,1959,9.37,24.2,41.8,59.3
-119.0103,37.6919,7907,1959,9.37,24.2,41.8,59.3
-119.0103,37.6919,7907,1959,9.37,24.2,41.8,59.3
-119.0103,37.6919,7907,1959,9.37,24.2,41.8,59.3
-119.0103,37.6919,7907,1959,9.37,24.2,41.8,59.3
-119.0103,37.6919,7907,1959,9.37,24.2,41.8,59.3
-119.0103,37.6919,7907,1959,9.37,24.2,41.8,59.3
-119.0103,37.6919,7907,1959,9.37,24.2,41.8,59.3
-119.0103,37.6919,7907,1959,9.37,24.2,41.8,59.3
-119.0103,37.6919,7907,1959,9.37,24.2,41.8,59.3
-119.0103,37.6919,7907,1959,9.37,24.2,41.8,59.3
-119.0103,37.6919,7907,1959,9.37,24.2,41.8,59.3
-119.0103,37.6919,7907,1959,9.37,24.2,41.8,59.3
-120.0353,37.7477,2730,1959,25.82,40,56.7,73.3
-120.0353,37.7477,2730,1959,25.82,40,56.7,73.3
-119.3617,37.8755,8786,1959,22.55,20.3,37.9,55.6
-118.5229,37.3279,5863,1960,5.81,34.9,50.8,66.7
-118.5229,37.3279,5863,1960,5.81,34.9,50.8,66.7
-118.5229,37.3279,5863,1960,5.81,34.9,50.8,66.7
-118.5229,37.3279,5863,1960,5.81,34.9,50.8,66.7
-119.6364,38.3289,9718,1960,44.09,23,35.6,48.1
-119.6364,38.3289,9718,1960,44.09,23,35.6,48.1
-119.6364,38.3289,9718,1960,44.09,23,35.6,48.1
-119.6364,38.3289,9718,1960,44.09,23,35.6,48.1
-119.6364,38.3289,9718,1960,44.09,23,35.6,48.1
-119.6364,38.3289,9718,1960,44.09,23,35.6,48.1
-119.6364,38.3289,9718,1960,44.09,23,35.6,48.1
-119.6364,38.3289,9718,1960,44.09,23,35.6,48.1
-119.6364,38.3289,9718,1960,44.09,23,35.6,48.1
-119.6364,38.3289,9718,1960,44.09,23,35.6,48.1
-119.9014,38.5186,8097,1960,54.65,26.8,39.9,52.9
-119.9014,38.5186,8097,1960,54.65,26.8,39.9,52.9
-120.3781,38.7664,4741,1960,50.41,38.9,52.5,66
-120.3781,38.7664,4741,1960,50.41,38.9,52.5,66
-120.3781,38.7664,4741,1960,50.41,38.9,52.5,66
-120.3781,38.7664,4741,1960,50.41,38.9,52.5,66
-120.3781,38.7664,4741,1960,50.41,38.9,52.5,66
-120.3781,38.7664,4741,1960,50.41,38.9,52.5,66
-120.2346,38.8166,6818,1960,43.03,32.6,44.8,57
-120.2346,38.8166,6818,1960,43.03,32.6,44.8,57
-120.2346,38.8166,6818,1960,43.03,32.6,44.8,57
-120.2346,38.8166,6818,1960,43.03,32.6,44.8,57
-120.2346,38.8166,6818,1960,43.03,32.6,44.8,57
-120.2346,38.8166,6818,1960,43.03,32.6,44.8,57
-120.2346,38.8166,6818,1960,43.03,32.6,44.8,57
-120.2346,38.8166,6818,1960,43.03,32.6,44.8,57
-120.2346,38.8166,6818,1960,43.03,32.6,44.8,57
-120.2346,38.8166,6818,1960,43.03,32.6,44.8,57
-120.2346,38.8166,6818,1960,43.03,32.6,44.8,57
-120.2346,38.8166,6818,1960,43.03,32.6,44.8,57
-120.2346,38.8166,6818,1960,43.03,32.6,44.8,57
-120.2346,38.8166,6818,1960,43.03,32.6,44.8,57
-120.2346,38.8166,6818,1960,43.03,32.6,44.8,57
-120.2346,38.8166,6818,1960,43.03,32.6,44.8,57
-120.2346,38.8166,6818,1960,43.03,32.6,44.8,57
-120.2492,39.1758,7513,1960,57,31.1,42.1,53
-120.2492,39.1758,7513,1960,57,31.1,42.1,53
-120.2492,39.1758,7513,1960,57,31.1,42.1,53
-120.2492,39.1758,7513,1960,57,31.1,42.1,53
-120.2492,39.1758,7513,1960,57,31.1,42.1,53
-120.2492,39.1758,7513,1960,57,31.1,42.1,53
-120.2492,39.1758,7513,1960,57,31.1,42.1,53
-120.2472,39.1885,7306,1960,51.61,30.1,42,54
-120.2472,39.1885,7306,1960,51.61,30.1,42,54
-120.2472,39.1885,7306,1960,51.61,30.1,42,54
-120.2472,39.1885,7306,1960,51.61,30.1,42,54
-120.2472,39.1885,7306,1960,51.61,30.1,42,54
-120.2472,39.1885,7306,1960,51.61,30.1,42,54
-120.2472,39.1885,7306,1960,51.61,30.1,42,54
-120.2448,39.1905,7306,1960,51.61,30.1,42,54
-120.2448,39.1905,7306,1960,51.61,30.1,42,54
-120.2448,39.1905,7306,1960,51.61,30.1,42,54
-120.2448,39.1905,7306,1960,51.61,30.1,42,54
-120.2418,39.192,7306,1960,51.61,30.1,42,54
-120.2418,39.192,7306,1960,51.61,30.1,42,54
-120.2377,39.1958,7306,1960,51.61,30.1,42,54
-120.2377,39.1958,7306,1960,51.61,30.1,42,54
-120.2377,39.1958,7306,1960,51.61,30.1,42,54
-120.217,39.2042,6473,1960,37.98,29.6,43.6,57.6
-120.217,39.2042,6473,1960,37.98,29.6,43.6,57.6
-120.217,39.2042,6473,1960,37.98,29.6,43.6,57.6
-118.2604,36.4321,9905,1961,10.98,20,34.9,49.9
-118.2604,36.4321,9905,1961,10.98,20,34.9,49.9
-118.5483,37.3536,5863,1961,4.16,35,51,67
-119.942,37.573,2329,1961,17.26,42.3,57.5,72.7
-119.942,37.573,2329,1961,17.26,42.3,57.5,72.7
-120.8412,38.6454,1329,1961,18.91,45.1,59,73
-120.8412,38.6454,1329,1961,18.91,45.1,59,73
-120.8412,38.6454,1329,1961,18.91,45.1,59,73
-120.2481,39.4317,6929,1961,23.21,28.6,41.8,55
-120.2481,39.4317,6929,1961,23.21,28.6,41.8,55
-120.2481,39.4317,6929,1961,23.21,28.6,41.8,55
-120.2481,39.4317,6929,1961,23.21,28.6,41.8,55
-120.2481,39.4317,6929,1961,23.21,28.6,41.8,55
-120.2481,39.4317,6929,1961,23.21,28.6,41.8,55
-120.2481,39.4317,6929,1961,23.21,28.6,41.8,55
-120.2481,39.4317,6929,1961,23.21,28.6,41.8,55
-120.2481,39.4317,6929,1961,23.21,28.6,41.8,55
-120.2481,39.4317,6929,1961,23.21,28.6,41.8,55
-120.2481,39.4317,6929,1961,23.21,28.6,41.8,55
-120.2481,39.4317,6929,1961,23.21,28.6,41.8,55
-120.2481,39.4317,6929,1961,23.21,28.6,41.8,55
-120.2481,39.4317,6929,1961,23.21,28.6,41.8,55
-120.2481,39.4317,6929,1961,23.21,28.6,41.8,55
-120.2481,39.4317,6929,1961,23.21,28.6,41.8,55
-120.2481,39.4317,6929,1961,23.21,28.6,41.8,55
-120.2481,39.4317,6929,1961,23.21,28.6,41.8,55
-120.2481,39.4317,6929,1961,23.21,28.6,41.8,55
-120.2481,39.4317,6929,1961,23.21,28.6,41.8,55
-120.2481,39.4317,6929,1961,23.21,28.6,41.8,55
-120.2481,39.4317,6929,1961,23.21,28.6,41.8,55
-120.2481,39.4317,6929,1961,23.21,28.6,41.8,55
-119.5789,37.3364,3579,1962,34.82,41,55.8,70.5
-119.5789,37.3364,3579,1962,34.82,41,55.8,70.5
-119.5789,37.3364,3579,1962,34.82,41,55.8,70.5
-119.5789,37.3364,3579,1962,34.82,41,55.8,70.5
-119.5789,37.3364,3579,1962,34.82,41,55.8,70.5
-119.5789,37.3364,3579,1962,34.82,41,55.8,70.5
-119.5789,37.3364,3579,1962,34.82,41,55.8,70.5
-119.5789,37.3364,3579,1962,34.82,41,55.8,70.5
-119.5789,37.3364,3579,1962,34.82,41,55.8,70.5
-119.5789,37.3364,3579,1962,34.82,41,55.8,70.5
-119.5789,37.3364,3579,1962,34.82,41,55.8,70.5
-119.5789,37.3364,3579,1962,34.82,41,55.8,70.5
-119.5789,37.3364,3579,1962,34.82,41,55.8,70.5
-119.5789,37.3364,3579,1962,34.82,41,55.8,70.5
-119.5789,37.3364,3579,1962,34.82,41,55.8,70.5
-119.5789,37.3364,3579,1962,34.82,41,55.8,70.5
-119.5789,37.3364,3579,1962,34.82,41,55.8,70.5
-119.5789,37.3364,3579,1962,34.82,41,55.8,70.5
-119.5789,37.3364,3579,1962,34.82,41,55.8,70.5
-119.5789,37.3364,3579,1962,34.82,41,55.8,70.5
-119.5789,37.3364,3579,1962,34.82,41,55.8,70.5
-119.5789,37.3364,3579,1962,34.82,41,55.8,70.5
-119.5789,37.3364,3579,1962,34.82,41,55.8,70.5
-119.5789,37.3364,3579,1962,34.82,41,55.8,70.5
-119.5789,37.3364,3579,1962,34.82,41,55.8,70.5
-119.5789,37.3364,3579,1962,34.82,41,55.8,70.5
-119.5789,37.3364,3579,1962,34.82,41,55.8,70.5
-119.5789,37.3364,3579,1962,34.82,41,55.8,70.5
-119.4989,37.827,9098,1962,51.48,25,38.2,51.4
-119.4989,37.827,9098,1962,51.48,25,38.2,51.4
-119.4989,37.827,9098,1962,51.48,25,38.2,51.4
-120.199,37.8325,2966,1962,36.67,36.3,53.3,70.3
-119.6586,37.8511,8419,1962,47.78,28,40.9,53.8
-119.6586,37.8511,8419,1962,47.78,28,40.9,53.8
-119.6586,37.8511,8419,1962,47.78,28,40.9,53.8
-119.2579,37.9103,10318,1962,29.54,21.3,34,46.7
-119.2579,37.9103,10318,1962,29.54,21.3,34,46.7
-119.2579,37.9103,10318,1962,29.54,21.3,34,46.7
-119.2579,37.9103,10318,1962,29.54,21.3,34,46.7
-119.2579,37.9103,10318,1962,29.54,21.3,34,46.7
-119.2579,37.9103,10318,1962,29.54,21.3,34,46.7
-119.2579,37.9103,10318,1962,29.54,21.3,34,46.7
-119.2579,37.9103,10318,1962,29.54,21.3,34,46.7
-119.2579,37.9103,10318,1962,29.54,21.3,34,46.7
-119.2579,37.9103,10318,1962,29.54,21.3,34,46.7
-119.2579,37.9103,10318,1962,29.54,21.3,34,46.7
-119.2579,37.9103,10318,1962,29.54,21.3,34,46.7
-119.2579,37.9103,10318,1962,29.54,21.3,34,46.7
-119.2579,37.9103,10318,1962,29.54,21.3,34,46.7
-119.2579,37.9103,10318,1962,29.54,21.3,34,46.7
-119.2579,37.9103,10318,1962,29.54,21.3,34,46.7
-119.2579,37.9103,10318,1962,29.54,21.3,34,46.7
-119.2579,37.9103,10318,1962,29.54,21.3,34,46.7
-118.2313,35.581,3356,1963,10.63,46.2,59.2,72.2
-118.4522,35.7993,3304,1963,18.13,44.3,58.5,72.6
-119.0742,37.6196,7956,1963,30.26,24.1,39.7,55.4
-119.1125,37.2906,8845,1964,52.35,26.8,38.2,49.6
-119.1125,37.2906,8845,1964,52.35,26.8,38.2,49.6
-119.1125,37.2906,8845,1964,52.35,26.8,38.2,49.6
-119.1125,37.2906,8845,1964,52.35,26.8,38.2,49.6
-119.1125,37.2906,8845,1964,52.35,26.8,38.2,49.6
-119.1125,37.2906,8845,1964,52.35,26.8,38.2,49.6
-119.1125,37.2906,8845,1964,52.35,26.8,38.2,49.6
-119.2592,37.893,10167,1964,47.74,19.8,32.9,45.9
-119.2592,37.893,10167,1964,47.74,19.8,32.9,45.9
-119.8108,38.5444,8625,1964,73.53,24.5,36.7,48.8
-119.8108,38.5444,8625,1964,73.53,24.5,36.7,48.8
-119.8108,38.5444,8625,1964,73.53,24.5,36.7,48.8
-118.435,35.677,2635,1965,12.59,47.2,61.1,75
-119.8156,38.5444,8320,1965,57.36,24.5,36.8,49.1
-119.8156,38.5444,8320,1965,57.36,24.5,36.8,49.1
-120.2415,39.432,6929,1965,35,28,40.6,53.2
-120.2415,39.432,6929,1965,35,28,40.6,53.2
-118.5436,36.1184,7198,1966,53.52,31.8,44.9,58
-119.9113,38.516,8097,1966,43.07,25.9,39.6,53.3
-119.9113,38.516,8097,1966,43.07,25.9,39.6,53.3
-120.406,38.7859,4760,1966,37.03,38.8,52,65.2
-118.4895,35.3064,3396,1967,13.1,44,56.9,69.8
-119.9613,37.6141,2333,1967,35.73,42.1,56.4,70.8
-118.8666,37.9167,7910,1967,21.41,24.5,40.4,56.3
-118.5789,36.4862,9954,1968,28.34,25.2,36.8,48.5
-118.5789,36.4862,9954,1968,28.34,25.2,36.8,48.5
-119.5868,37.7044,7444,1968,36.33,32.9,44.3,55.7
-119.6559,38.3295,9580,1968,46.46,21.8,34.4,47
-119.6559,38.3295,9580,1968,46.46,21.8,34.4,47
-119.6559,38.3295,9580,1968,46.46,21.8,34.4,47
-120.0028,38.4789,7149,1968,48.99,28.6,41.9,55.3
-119.9113,38.516,8097,1968,54.49,26.3,38.7,51.1
-118.5609,35.2225,3104,1970,13.87,42.3,56.9,71.4
-118.5609,35.2225,3104,1970,13.87,42.3,56.9,71.4
-118.5609,35.2225,3104,1970,13.87,42.3,56.9,71.4
-118.5609,35.2225,3104,1970,13.87,42.3,56.9,71.4
-118.5609,35.2225,3104,1970,13.87,42.3,56.9,71.4
-118.5609,35.2225,3104,1970,13.87,42.3,56.9,71.4
-118.7225,35.4753,2887,1970,12.82,45.2,59.1,73
-118.59,35.6456,5623,1970,32.07,36.6,49.7,62.9
-118.59,35.6456,5623,1970,32.07,36.6,49.7,62.9
-118.59,35.6456,5623,1970,32.07,36.6,49.7,62.9
-118.59,35.6456,5623,1970,32.07,36.6,49.7,62.9
-118.7381,35.7909,3054,1970,20.35,42.3,57.1,72
-118.6689,35.814,4019,1970,24.95,40.1,54.3,68.5
-118.5456,35.862,6634,1970,45.52,33.3,46.2,59
-118.5456,35.862,6634,1970,45.52,33.3,46.2,59
-118.5456,35.862,6634,1970,45.52,33.3,46.2,59
-118.7465,36.1535,3389,1970,28.12,45.6,57.8,69.9
-118.772,36.4481,3576,1970,31.86,44.6,56.7,68.9
-118.8985,36.5168,1667,1970,25.27,49.7,62.9,76
-118.5864,36.5231,9580,1970,39.09,25.1,37.3,49.4
-118.5864,36.5231,9580,1970,39.09,25.1,37.3,49.4
-119.144,36.875,1683,1970,26.22,48.7,61.9,75.1
-119.311,36.9082,1526,1970,23.69,48.3,62,75.7
-119.311,36.9082,1526,1970,23.69,48.3,62,75.7
-119.9698,38.9124,6512,1970,29.71,30.3,43.4,56.5
-120.4072,39.8708,5909,1970,30.5,30,44.6,59.2
-120.4072,39.8708,5909,1970,30.5,30,44.6,59.2
-118.8939,34.876,3852,1971,12.49,42.6,54.7,66.9
-118.0136,35.6577,5453,1971,5.92,39.1,52.6,66.2
-118.7261,35.7494,3360,1971,15.61,37.4,52.9,68.4
-118.7588,35.7875,3054,1971,14.64,40.2,54.6,69.1
-121.2975,39.7217,3005,1971,48.46,41.1,53.5,66
-118.9665,35.902,748,1972,6.86,49.3,63.3,77.3
-118.9665,35.902,748,1972,6.86,49.3,63.3,77.3
-118.9665,35.902,748,1972,6.86,49.3,63.3,77.3
-119.3416,37.5746,8743,1972,27.1,23.1,37.7,52.3
-119.3416,37.5746,8743,1972,27.1,23.1,37.7,52.3
-119.3416,37.5746,8743,1972,27.1,23.1,37.7,52.3
-119.6586,37.8511,8419,1972,34.47,26.4,39.3,52.3
-119.6586,37.8511,8419,1972,34.47,26.4,39.3,52.3
-119.6586,37.8511,8419,1972,34.47,26.4,39.3,52.3
-119.8623,37.8578,4147,1972,20.95,37,51.5,65.9
-119.8582,37.8598,4147,1972,20.95,37,51.5,65.9
-119.3548,37.8755,8786,1972,21.76,18.9,35.3,51.6
-119.3112,37.8801,9475,1972,23.17,17.8,33.7,49.6
-119.3112,37.8801,9475,1972,23.17,17.8,33.7,49.6
-119.4408,37.9032,7887,1972,26.59,23.9,38.6,53.3
-119.4408,37.9032,7887,1972,26.59,23.9,38.6,53.3
-118.901,36.4475,1417,1973,28.73,49.5,62.6,75.7
-119.6401,38.3335,9718,1973,60.99,22,33.8,45.7
-120.5502,39.3143,6670,1973,93.64,31.7,43.2,54.8
-120.7998,39.3602,3481,1973,88.36,40.2,52.9,65.7
-120.7998,39.3602,3481,1973,88.36,40.2,52.9,65.7
-120.7998,39.3602,3481,1973,88.36,40.2,52.9,65.7
-120.7998,39.3602,3481,1973,88.36,40.2,52.9,65.7
-120.7998,39.3602,3481,1973,88.36,40.2,52.9,65.7
-120.7998,39.3602,3481,1973,88.36,40.2,52.9,65.7
-120.7998,39.3602,3481,1973,88.36,40.2,52.9,65.7
-120.7392,39.4392,4449,1973,88.76,38.9,50.7,62.5
-120.7392,39.4392,4449,1973,88.76,38.9,50.7,62.5
-120.7392,39.4392,4449,1973,88.76,38.9,50.7,62.5
-120.7392,39.4392,4449,1973,88.76,38.9,50.7,62.5
-120.7392,39.4392,4449,1973,88.76,38.9,50.7,62.5
-120.7392,39.4392,4449,1973,88.76,38.9,50.7,62.5
-119.1019,37.2914,9058,1974,45.59,28.2,40.3,52.3
-118.7372,37.3194,11270,1974,30.74,20.8,32,43.2
-118.7372,37.3194,11270,1974,30.74,20.8,32,43.2
-118.7372,37.3194,11270,1974,30.74,20.8,32,43.2
-118.7372,37.3194,11270,1974,30.74,20.8,32,43.2
-118.7372,37.3194,11270,1974,30.74,20.8,32,43.2
-119.3672,37.844,10121,1974,39.76,21.9,34.8,47.7
-119.3672,37.844,10121,1974,39.76,21.9,34.8,47.7
-119.3672,37.844,10121,1974,39.76,21.9,34.8,47.7
-119.3672,37.844,10121,1974,39.76,21.9,34.8,47.7
-119.3672,37.844,10121,1974,39.76,21.9,34.8,47.7
-119.3672,37.844,10121,1974,39.76,21.9,34.8,47.7
-119.3672,37.844,10121,1974,39.76,21.9,34.8,47.7
-119.3672,37.844,10121,1974,39.76,21.9,34.8,47.7
-119.3386,37.89,8980,1974,29.15,18.8,35.6,52.4
-119.3386,37.89,8980,1974,29.15,18.8,35.6,52.4
-119.3386,37.89,8980,1974,29.15,18.8,35.6,52.4
-119.3386,37.89,8980,1974,29.15,18.8,35.6,52.4
-119.3386,37.89,8980,1974,29.15,18.8,35.6,52.4
-119.3386,37.89,8980,1974,29.15,18.8,35.6,52.4
-119.3386,37.89,8980,1974,29.15,18.8,35.6,52.4
-119.6172,38.2698,9610,1974,49.12,22.2,34.6,47
-119.6172,38.2698,9610,1974,49.12,22.2,34.6,47
-119.6172,38.2698,9610,1974,49.12,22.2,34.6,47
-119.9113,38.516,8097,1974,52.96,26.6,39.2,51.8
-119.9113,38.516,8097,1974,52.96,26.6,39.2,51.8
-119.9113,38.516,8097,1974,52.96,26.6,39.2,51.8
-119.9113,38.516,8097,1974,52.96,26.6,39.2,51.8
-119.9113,38.516,8097,1974,52.96,26.6,39.2,51.8
-119.9113,38.516,8097,1974,52.96,26.6,39.2,51.8
-119.9113,38.516,8097,1974,52.96,26.6,39.2,51.8
-119.9113,38.516,8097,1974,52.96,26.6,39.2,51.8
-119.9113,38.516,8097,1974,52.96,26.6,39.2,51.8
-119.9113,38.516,8097,1974,52.96,26.6,39.2,51.8
-119.9113,38.516,8097,1974,52.96,26.6,39.2,51.8
-119.9113,38.516,8097,1974,52.96,26.6,39.2,51.8
-119.9113,38.516,8097,1974,52.96,26.6,39.2,51.8
-119.985,38.6878,8819,1974,46.37,26.4,38.1,49.9
-119.985,38.6878,8819,1974,46.37,26.4,38.1,49.9
-120.302,39.4242,7382,1974,38.35,28.7,41.3,54
-120.2415,39.432,6929,1974,30.98,27.3,41.5,55.6
-120.7392,39.4392,4449,1974,61.51,39.4,51.8,64.1
-118.7096,35.4841,2831,1975,10.87,43.3,57.4,71.6
-118.7096,35.4841,2831,1975,10.87,43.3,57.4,71.6
-119.6146,37.8607,8261,1975,55.84,27.5,40.1,52.8
-119.6146,37.8607,8261,1975,55.84,27.5,40.1,52.8
-119.6203,37.8654,8261,1975,55.84,27.5,40.1,52.8
-120.2123,38.565,6627,1975,60.75,31.9,43.6,55.4
-121.2605,40.083,4367,1975,42.62,36.3,48.9,61.5
-118.6468,35.5318,3018,1976,11.44,43,57.4,71.9
-117.9056,35.9341,3944,1976,7.67,46,59.1,72.2
-117.9056,35.9341,3944,1976,7.67,46,59.1,72.2
-117.9056,35.9341,3944,1976,7.67,46,59.1,72.2
-117.9056,35.9341,3944,1976,7.67,46,59.1,72.2
-117.9056,35.9341,3944,1976,7.67,46,59.1,72.2
-117.9056,35.9341,3944,1976,7.67,46,59.1,72.2
-117.9056,35.9341,3944,1976,7.67,46,59.1,72.2
-117.9053,35.9369,3944,1976,7.67,46,59.1,72.2
-117.9053,35.9369,3944,1976,7.67,46,59.1,72.2
-117.9057,35.937,3944,1976,7.67,46,59.1,72.2
-117.9057,35.937,3944,1976,7.67,46,59.1,72.2
-117.9057,35.937,3944,1976,7.67,46,59.1,72.2
-119.8027,38.4908,8671,1976,25.03,25.5,37.9,50.3
-119.8027,38.4908,8671,1976,25.03,25.5,37.9,50.3
-119.8027,38.4908,8671,1976,25.03,25.5,37.9,50.3
-119.2808,38.0489,10801,1977,28.82,22.3,33.9,45.5
-119.2808,38.0489,10801,1977,28.82,22.3,33.9,45.5
-119.2808,38.0489,10801,1977,28.82,22.3,33.9,45.5
-119.2808,38.0489,10801,1977,28.82,22.3,33.9,45.5
-119.2808,38.0489,10801,1977,28.82,22.3,33.9,45.5
-119.2808,38.0489,10801,1977,28.82,22.3,33.9,45.5
-119.2808,38.0489,10801,1977,28.82,22.3,33.9,45.5
-119.2808,38.0489,10801,1977,28.82,22.3,33.9,45.5
-118.3185,35.1091,4117,1978,18.25,42.5,54.7,66.8
-118.3185,35.1091,4117,1978,18.25,42.5,54.7,66.8
-118.0642,35.5865,5233,1978,18.04,42.5,55.1,67.7
-117.9223,35.8456,3757,1978,13.43,47.7,60,72.3
-119.2586,37.9182,10318,1978,38.23,20.5,32.4,44.4
-119.6547,38.331,9580,1979,53.41,22.4,34.3,46.2
-119.6547,38.331,9580,1979,53.41,22.4,34.3,46.2
-119.6547,38.331,9580,1979,53.41,22.4,34.3,46.2
-119.6547,38.331,9580,1979,53.41,22.4,34.3,46.2
-119.6547,38.331,9580,1979,53.41,22.4,34.3,46.2
-119.6547,38.331,9580,1979,53.41,22.4,34.3,46.2
-119.6547,38.331,9580,1979,53.41,22.4,34.3,46.2
-119.6547,38.331,9580,1979,53.41,22.4,34.3,46.2
-119.6547,38.331,9580,1979,53.41,22.4,34.3,46.2
-118.2022,35.5023,4199,1980,12.81,44.2,57.1,70.1
-119.0385,38.2272,8802,1980,12.61,21.8,37.6,53.4
-119.0385,38.2272,8802,1980,12.61,21.8,37.6,53.4
-119.0377,38.2365,8678,1980,14.81,21.9,37.7,53.5
-120.6184,38.2753,1752,1980,31.19,45.3,59.7,74.2
-120.6184,38.2753,1752,1980,31.19,45.3,59.7,74.2
-120.545,38.3505,2726,1980,38.07,45.7,58.7,71.8
-120.5006,38.4004,3051,1980,43.87,43.5,57.1,70.7
-120.7165,38.4731,2011,1980,30.91,43.9,58.3,72.6
-120.7165,38.4731,2011,1980,30.91,43.9,58.3,72.6
-121.0388,38.9225,1142,1980,33.17,47.1,59.8,72.5
-121.0388,38.9225,1142,1980,33.17,47.1,59.8,72.5
-120.9075,39.037,1808,1980,40.7,46.3,58.8,71.4
-118.6938,35.4986,2831,1982,19.67,44.1,56.8,69.5
-119.9653,37.485,2487,1982,62.14,43.9,55.9,68
-119.7458,37.7049,4554,1982,70.29,38.8,49.6,60.3
-119.7458,37.7049,4554,1982,70.29,38.8,49.6,60.3
-119.7033,37.7256,4856,1982,70.79,39.5,49.7,59.9
-119.7033,37.7256,4856,1982,70.79,39.5,49.7,59.9
-119.7033,37.7256,4856,1982,70.79,39.5,49.7,59.9
-119.7033,37.7256,4856,1982,70.79,39.5,49.7,59.9
-119.7033,37.7256,4856,1982,70.79,39.5,49.7,59.9
-119.7033,37.7256,4856,1982,70.79,39.5,49.7,59.9
-119.7033,37.7256,4856,1982,70.79,39.5,49.7,59.9
-119.7033,37.7256,4856,1982,70.79,39.5,49.7,59.9
-119.7033,37.7256,4856,1982,70.79,39.5,49.7,59.9
-119.7033,37.7256,4856,1982,70.79,39.5,49.7,59.9
-119.7033,37.7256,4856,1982,70.79,39.5,49.7,59.9
-119.7033,37.7256,4856,1982,70.79,39.5,49.7,59.9
-119.2356,37.9398,10276,1982,63.25,22.6,32.9,43.2
-119.2356,37.9398,10276,1982,63.25,22.6,32.9,43.2
-119.2356,37.9398,10276,1982,63.25,22.6,32.9,43.2
-119.2356,37.9398,10276,1982,63.25,22.6,32.9,43.2
-119.2356,37.9398,10276,1982,63.25,22.6,32.9,43.2
-119.2356,37.9398,10276,1982,63.25,22.6,32.9,43.2
-119.2356,37.9398,10276,1982,63.25,22.6,32.9,43.2
-119.2356,37.9398,10276,1982,63.25,22.6,32.9,43.2
-119.8111,38.5445,8625,1982,94.89,25.7,36.1,46.5
-119.8111,38.5445,8625,1982,94.89,25.7,36.1,46.5
-119.988,38.6943,8819,1982,83.72,25.8,36,46.3
-120.3367,39.314,7234,1982,96.64,26.4,38.4,50.4
-120.348,36.1514,682,1983,14.34,50,63.3,76.5
-120.348,36.1514,682,1983,14.34,50,63.3,76.5
-120.348,36.1514,682,1983,14.34,50,63.3,76.5
-120.348,36.1514,682,1983,14.34,50,63.3,76.5
-120.348,36.1514,682,1983,14.34,50,63.3,76.5
-120.348,36.1514,682,1983,14.34,50,63.3,76.5
-120.348,36.1514,682,1983,14.34,50,63.3,76.5
-120.348,36.1514,682,1983,14.34,50,63.3,76.5
-120.348,36.1514,682,1983,14.34,50,63.3,76.5
-120.348,36.1514,682,1983,14.34,50,63.3,76.5
-120.3586,38.2002,3537,1983,82.53,41,52.2,63.5
-120.3586,38.2002,3537,1983,82.53,41,52.2,63.5
-119.6661,38.3176,9580,1983,94.17,23.4,33.7,44
-119.6661,38.3176,9580,1983,94.17,23.4,33.7,44
-119.6661,38.3176,9580,1983,94.17,23.4,33.7,44
-119.6661,38.3176,9580,1983,94.17,23.4,33.7,44
-119.6661,38.3176,9580,1983,94.17,23.4,33.7,44
-119.6759,38.3225,9580,1983,94.17,23.4,33.7,44
-119.6818,38.325,9580,1983,94.17,23.4,33.7,44
-119.6818,38.325,9580,1983,94.17,23.4,33.7,44
-119.6818,38.325,9580,1983,94.17,23.4,33.7,44
-119.6818,38.325,9580,1983,94.17,23.4,33.7,44
-119.6818,38.325,9580,1983,94.17,23.4,33.7,44
-119.6818,38.325,9580,1983,94.17,23.4,33.7,44
-119.6818,38.325,9580,1983,94.17,23.4,33.7,44
-119.6818,38.325,9580,1983,94.17,23.4,33.7,44
-118.613,35.5411,2592,1984,9.48,45.8,59.5,73.2
-118.613,35.5411,2592,1984,9.48,45.8,59.5,73.2
-118.2433,36.8306,4469,1984,6.02,46.8,59.9,73
-118.4222,37.1288,8481,1984,17.34,28.9,40.4,51.9
-120.9294,38.327,433,1984,17.38,49.2,62.3,75.4
-117.9283,36.0746,3973,1985,3.87,44.9,58.9,72.8
-118.0567,36.5826,3675,1985,3.79,45.4,60.8,76.2
-118.0567,36.5826,3675,1985,3.79,45.4,60.8,76.2
-118.2803,36.8068,6280,1985,7.95,37,50.7,64.5
-118.2694,36.8139,4469,1985,4.58,46.4,60,73.6
-118.2694,36.8139,4469,1985,4.58,46.4,60,73.6
-118.2265,36.8345,3881,1985,3.64,46.6,61.6,76.7
-118.4032,37.1268,8481,1985,13.42,28.6,40.4,52.2
-118.5671,37.2103,10387,1985,16.71,24,34.5,45
-119.6547,38.331,9580,1985,45.91,24.7,36.2,47.8
-119.6547,38.331,9580,1985,45.91,24.7,36.2,47.8
-119.6547,38.331,9580,1985,45.91,24.7,36.2,47.8
-119.6547,38.331,9580,1985,45.91,24.7,36.2,47.8
-119.6547,38.331,9580,1985,45.91,24.7,36.2,47.8
-119.6547,38.331,9580,1985,45.91,24.7,36.2,47.8
-119.6547,38.331,9580,1985,45.91,24.7,36.2,47.8
-119.6547,38.331,9580,1985,45.91,24.7,36.2,47.8
-118.3111,35.4457,6270,1986,12.13,39.2,50.9,62.6
-118.2803,36.8068,6280,1986,14.7,38.7,52.4,66.1
-119.7736,37.7656,6240,1986,46.57,41.6,49.9,58.2
-119.7736,37.7656,6240,1986,46.57,41.6,49.9,58.2
-120.0755,38.4289,6444,1986,57.6,35.2,47.4,59.5
-120.0755,38.4289,6444,1986,57.6,35.2,47.4,59.5
-118.5839,35.4572,6535,1987,22.79,39.4,49.3,59.2
-118.2392,36.0722,8022,1987,19.56,29.7,42.9,56.1
-118.2392,36.0722,8022,1987,19.56,29.7,42.9,56.1
-120.7971,36.7833,686,1987,8.31,49.6,62.6,75.6
-120.7971,36.7833,686,1987,8.31,49.6,62.6,75.6
-119.2508,37.9305,10318,1987,26.9,21.3,33.8,46.4
-119.2508,37.9305,10318,1987,26.9,21.3,33.8,46.4
-120.533,37.9833,1076,1987,18.88,46.5,61.2,75.9
-119.9606,38.2895,6273,1987,35.13,35.2,47.6,60
-120.9194,40.0829,3927,1987,26.82,36.7,52.4,68
-120.9611,40.1139,4236,1987,28.8,36.5,51.2,65.9
-119.5033,37.1474,1978,1988,20.28,47.4,61.7,76
-121.6768,40.8756,3241,1988,20.04,33.1,50,66.9
-121.6768,40.8756,3241,1988,20.04,33.1,50,66.9
-121.6768,40.8756,3241,1988,20.04,33.1,50,66.9
-121.6768,40.8756,3241,1988,20.04,33.1,50,66.9
-121.6768,40.8756,3241,1988,20.04,33.1,50,66.9
-118.6792,35.6978,3760,1989,10.85,38,53.5,69
-120.333,37.7097,1155,1990,12.24,46.6,60.7,74.8
-120.333,37.7097,1155,1990,12.24,46.6,60.7,74.8
-120.333,37.7097,1155,1990,12.24,46.6,60.7,74.8
-120.333,37.7097,1155,1990,12.24,46.6,60.7,74.8
-120.6697,38.7188,2608,1990,23.47,44.9,58,71
-120.6697,38.7188,2608,1990,23.47,44.9,58,71
-120.6697,38.7188,2608,1990,23.47,44.9,58,71
-120.6697,38.7188,2608,1990,23.47,44.9,58,71
-120.795,38.8347,2205,1990,23.82,45.4,58.5,71.7
-121.192,39.519,3031,1990,41.57,42.3,54.7,67.1
-118.657,35.705,3760,1991,17.28,39.1,53.8,68.6
-118.657,35.705,3760,1991,17.28,39.1,53.8,68.6
-118.6448,35.7074,4321,1991,20.24,39.1,53,66.9
-118.6448,35.7074,4321,1991,20.24,39.1,53,66.9
-118.6341,35.7104,4321,1991,20.24,39.1,53,66.9
-118.6341,35.7104,4321,1991,20.24,39.1,53,66.9
-116.2338,35.8847,1355,1991,4.97,53.9,68.7,83.5
-120.3028,38.0128,2828,1991,34.84,43.4,57,70.7
-119.9273,37.8076,4590,1992,34.33,42.3,53.7,65.1
-119.9313,37.8124,4590,1992,34.33,42.3,53.7,65.1
-119.9313,37.8124,4590,1992,34.33,42.3,53.7,65.1
-119.9313,37.8124,4590,1992,34.33,42.3,53.7,65.1
-119.9313,37.8124,4590,1992,34.33,42.3,53.7,65.1
-119.9313,37.8124,4590,1992,34.33,42.3,53.7,65.1
-119.9313,37.8124,4590,1992,34.33,42.3,53.7,65.1
-120.019,37.822,3182,1992,32.17,42.7,56.3,69.8
-119.9456,37.8364,3980,1992,33.41,42.2,54.6,67.1
-120.3112,38.0623,3540,1992,37.01,44.8,56.8,68.7
-119.6067,38.3144,9718,1992,39.04,26.5,37.5,48.4
-119.6276,38.3269,9718,1992,39.04,26.5,37.5,48.4
-119.6276,38.3269,9718,1992,39.04,26.5,37.5,48.4
-119.6276,38.3269,9718,1992,39.04,26.5,37.5,48.4
-120.4809,38.0504,1588,1993,34.41,45.8,59.5,73.2
-120.2242,38.9593,7274,1993,50.24,32.2,42,51.9
-120.4772,38.0544,1503,1994,25.76,45.6,59.7,73.7
-120.1953,38.5377,6516,1994,40.01,38.2,48.3,58.5
-120.1645,38.8132,8301,1994,43.87,32,41.6,51.3
-120.1405,38.8469,7867,1994,44.96,32.4,42.9,53.4
-120.1311,38.8543,7953,1994,45.74,32.4,42.6,52.7
-120.8995,39.0391,1808,1995,60.53,47.4,59.5,71.6
-119.9328,38.6213,8264,1996,73.32,29.2,40.2,51.2
-119.8038,38.6918,6056,1996,42.38,33.3,47,60.7
-120.6183,39.6733,6732,1996,117.51,36.5,46.2,55.8
-118.5876,36.8829,11073,1997,49.02,24.5,34.6,44.6
-120.7473,39.3579,4052,1997,60.88,42.2,53.7,65.1
-120.7822,39.3583,3481,1997,59.03,42.6,54.8,67
-120.6431,39.4134,6657,1997,70.49,35.4,45.6,55.9
-120.6664,39.4786,5948,1997,62.89,38,48.2,58.4
-120.6664,39.4958,5988,1997,63.06,37.8,48,58.1
-120.6664,39.4958,5988,1997,63.06,37.8,48,58.1
-120.6664,39.4958,5988,1997,63.06,37.8,48,58.1
-120.6664,39.4958,5988,1997,63.06,37.8,48,58.1
-120.6664,39.4958,5988,1997,63.06,37.8,48,58.1
-120.3947,39.5026,7100,1997,42,30.6,42.9,55.2
-120.5953,39.5564,6001,1997,62.61,35.8,46.9,58.1
-121.1299,39.5964,3606,1997,70.34,41.6,53.5,65.5
-120.5093,39.6419,6880,1997,53.86,32.2,44.1,55.9
-120.5093,39.6419,6880,1997,53.86,32.2,44.1,55.9
-120.5155,39.6473,5974,1997,38.78,32.3,45.6,59
-120.6288,39.6741,6732,1997,64.78,35.5,45.5,55.5
-120.4598,39.6969,5144,1997,22.5,32.8,47.2,61.6
-120.4598,39.6969,5144,1997,22.5,32.8,47.2,61.6
-118.923,36.4163,1148,1998,33.59,49.6,62.1,74.6
-120.7356,39.0219,3422,1998,79.99,44.7,54.2,63.7
-120.4348,39.1014,5689,1998,89.1,36.4,46.7,57
-120.4578,39.1047,5932,1998,91.76,36.2,45.9,55.7
-120.4091,39.1378,5620,1998,91.29,36.7,46.9,57.1
-120.7799,39.1432,3665,1998,85.41,44.5,53.5,62.5
-120.4928,39.1857,6325,1998,98.89,35.8,44.8,53.8
-120.4751,39.1864,6385,1998,97.01,35,44.2,53.4
-120.2907,39.4787,7014,1998,48.32,27.6,39.8,52
-121.1157,39.5803,3606,1998,113.79,40.5,50.6,60.7
-121.0907,39.5883,3839,1998,113.56,39.7,49.9,60.1
-121.0911,39.5887,3839,1998,113.56,39.7,49.9,60.1
-121.0346,39.6165,4236,1998,112.12,38.3,49.1,59.9
-121.0378,39.6187,4236,1998,112.12,38.3,49.1,59.9
-120.6544,39.6236,6762,1998,122.34,34.3,42.7,51.2
-120.6544,39.6236,6762,1998,122.34,34.3,42.7,51.2
-120.6544,39.6236,6762,1998,122.34,34.3,42.7,51.2
-120.6544,39.6236,6762,1998,122.34,34.3,42.7,51.2
-120.6544,39.6236,6762,1998,122.34,34.3,42.7,51.2
-120.6269,39.6708,6732,1998,105.46,33.7,42.7,51.6
-120.6269,39.6708,6732,1998,105.46,33.7,42.7,51.6
-121.2565,39.7173,2927,1998,110.53,43.9,54.4,64.8
-120.8998,39.7186,5194,1998,110.07,35.6,46.6,57.6
-121.3553,39.7279,2159,1998,93.54,47.2,57,66.8
-121.3551,39.7321,2595,1998,105.14,45.7,55.5,65.2
-120.9994,39.8647,5089,1998,97.16,38.3,48.4,58.5
-121.035,39.9569,3934,1998,57.67,38,50.6,63.2
-120.7624,39.9719,6982,1998,67.59,33.3,42.3,51.3
-120.7624,39.9719,6982,1998,67.59,33.3,42.3,51.3
-120.7624,39.9719,6982,1998,67.59,33.3,42.3,51.3
-120.7624,39.9719,6982,1998,67.59,33.3,42.3,51.3
-117.1818,34.1772,3284,1999,8.25,49,61.4,73.9
-118.4307,36.8189,10725,1999,28.15,24.3,35.1,45.9
-119.2738,36.9189,1526,1999,15.11,48.5,62.2,75.9
-119.3071,36.9208,1526,1999,15.11,48.5,62.2,75.9
-119.3292,36.9893,2562,1999,18.6,47.5,60.2,72.9
-119.3428,37.0235,4262,1999,24.76,46.7,56.7,66.8
-119.3297,37.4997,7182,1999,31.29,34.3,47.6,60.8
-119.3386,37.5001,7182,1999,31.29,34.3,47.6,60.8
-119.3386,37.5001,7182,1999,31.29,34.3,47.6,60.8
-119.8791,37.6431,3287,1999,26.76,44.9,57.5,70
-120.6841,39.1795,5007,1999,60.47,42,52.2,62.4
-120.48,39.3363,6801,1999,65.77,31.9,43.6,55.3
-120.4309,39.3507,6703,1999,62.73,30.9,43.1,55.4
-120.4309,39.3507,6703,1999,62.73,30.9,43.1,55.4
-120.4309,39.3507,6703,1999,62.73,30.9,43.1,55.4
-120.4309,39.3507,6703,1999,62.73,30.9,43.1,55.4
-120.5925,39.3956,6391,1999,67.3,33.2,44.9,56.7
-120.5925,39.3956,6391,1999,67.3,33.2,44.9,56.7
-120.5925,39.3956,6391,1999,67.3,33.2,44.9,56.7
-120.5925,39.3956,6391,1999,67.3,33.2,44.9,56.7
-120.9242,39.3964,3310,1999,53.42,42.7,55.1,67.5
-120.9242,39.3964,3310,1999,53.42,42.7,55.1,67.5
-120.8991,39.719,5194,1999,62.35,36,48.7,61.5
-121.1857,39.8414,5607,1999,75.47,39.2,49.6,60.1
-121.1359,39.9589,5604,1999,42.72,38.5,49.2,59.9
-118.082,35.6202,6686,2000,11.89,40.7,53.5,66.3
-118.082,35.6202,6686,2000,11.89,40.7,53.5,66.3
-118.082,35.6202,6686,2000,11.89,40.7,53.5,66.3
-118.4497,35.7994,3304,2000,11.49,45.7,60.3,74.9
-118.4497,35.7994,3304,2000,11.49,45.7,60.3,74.9
-118.4497,35.7994,3304,2000,11.49,45.7,60.3,74.9
-118.4497,35.7994,3304,2000,11.49,45.7,60.3,74.9
-118.5459,35.8426,6486,2000,40.11,38.8,49.6,60.3
-118.5459,35.8426,6486,2000,40.11,38.8,49.6,60.3
-118.5594,35.8909,6634,2000,40.38,38.6,49.3,60.1
-118.6409,35.9024,5148,2000,31.27,42.5,54,65.5
-118.3398,35.9471,8888,2000,26.68,31.7,43.1,54.5
-118.3398,35.9471,8888,2000,26.68,31.7,43.1,54.5
-118.3572,35.9646,8461,2000,27.15,33.8,44.4,55.1
-118.3572,35.9646,8461,2000,27.15,33.8,44.4,55.1
-118.3572,35.9646,8461,2000,27.15,33.8,44.4,55.1
-118.3387,35.9868,8268,2000,24.26,30.9,43.7,56.5
-118.5607,36.119,7198,2000,44.13,36.1,47.1,58.1
-118.5544,36.1204,7198,2000,44.13,36.1,47.1,58.1
-119.2829,37.3008,6348,2000,40.84,39.7,50,60.4
-119.1436,37.3185,7690,2000,39.46,31.6,44.3,57
-119.1436,37.3185,7690,2000,39.46,31.6,44.3,57
-119.1436,37.3185,7690,2000,39.46,31.6,44.3,57
-119.1436,37.3185,7690,2000,39.46,31.6,44.3,57
-119.1436,37.3185,7690,2000,39.46,31.6,44.3,57
-119.1684,37.326,8031,2000,42.51,33.5,44.4,55.4
-119.1684,37.326,8031,2000,42.51,33.5,44.4,55.4
-119.1684,37.326,8031,2000,42.51,33.5,44.4,55.4
-119.1684,37.326,8031,2000,42.51,33.5,44.4,55.4
-119.1684,37.326,8031,2000,42.51,33.5,44.4,55.4
-119.15,37.3299,8031,2000,42.51,33.5,44.4,55.4
-119.1566,37.3344,8031,2000,42.51,33.5,44.4,55.4
-119.3501,37.3595,4528,2000,47.03,43,55.4,67.8
-119.2252,37.4002,6657,2000,40.77,36.2,48.5,60.8
-119.223,37.4073,6657,2000,40.77,36.2,48.5,60.8
-119.223,37.4073,6657,2000,40.77,36.2,48.5,60.8
-119.223,37.4073,6657,2000,40.77,36.2,48.5,60.8
-119.223,37.4073,6657,2000,40.77,36.2,48.5,60.8
-119.4101,37.4142,5948,2000,46.46,37.1,50,62.9
-119.4101,37.4142,5948,2000,46.46,37.1,50,62.9
-119.4101,37.4142,5948,2000,46.46,37.1,50,62.9
-119.4101,37.4142,5948,2000,46.46,37.1,50,62.9
-119.4101,37.4142,5948,2000,46.46,37.1,50,62.9
-120.4179,39.817,5161,2000,21.12,31,46.1,61.2
-118.3955,35.467,7690,2001,28.66,39.3,48.4,57.6
-118.3654,35.6679,2644,2001,11.59,48.4,63.3,78.2
-118.3465,35.6717,2759,2001,11.62,48.1,62.9,77.7
-118.3465,35.6717,2759,2001,11.62,48.1,62.9,77.7
-118.3465,35.6717,2759,2001,11.62,48.1,62.9,77.7
-118.3421,35.6722,2759,2001,11.62,48.1,62.9,77.7
-118.3421,35.6722,2759,2001,11.62,48.1,62.9,77.7
-118.3421,35.6722,2759,2001,11.62,48.1,62.9,77.7
-118.3421,35.6722,2759,2001,11.62,48.1,62.9,77.7
-118.1126,35.7497,3392,2001,11.08,47.8,62.2,76.7
-118.1126,35.7497,3392,2001,11.08,47.8,62.2,76.7
-118.1126,35.7497,3392,2001,11.08,47.8,62.2,76.7
-118.629,35.8632,4685,2001,30,44.2,56,67.7
-118.7574,36.1371,3031,2001,26.19,50.2,61.3,72.4
-118.7604,36.2029,3143,2001,27.92,50.6,61.4,72.3
-118.948,36.692,5607,2001,39.55,39.5,51.5,63.4
-119.8115,38.5487,8625,2001,52.61,30.8,41.2,51.7
-119.8115,38.5487,8625,2001,52.61,30.8,41.2,51.7
-120.9167,39.6983,5194,2001,67.02,37.4,50,62.6
-120.9167,39.6983,5194,2001,67.02,37.4,50,62.6
-120.8932,39.7183,6079,2001,70.09,37.6,48.6,59.6
-120.8906,39.7223,6079,2001,70.09,37.6,48.6,59.6
-118.7221,35.7239,3238,2002,16.45,39.5,55.3,71.2
-118.5961,36.0205,6427,2002,34.74,38,50.1,62.1
-118.5961,36.0205,6427,2002,34.74,38,50.1,62.1
-118.5961,36.0205,6427,2002,34.74,38,50.1,62.1
-118.9389,36.6498,4656,2002,26.19,44.3,55.7,67.1
-118.9389,36.6498,4656,2002,26.19,44.3,55.7,67.1
-118.7976,36.7023,8566,2002,42.53,31.2,42.4,53.6
-118.8996,36.7946,5584,2002,30.53,39.1,50.9,62.7
-118.8981,36.7969,5584,2002,30.53,39.1,50.9,62.7
-118.9408,36.798,6421,2002,32.84,39.6,49.6,59.6
-119.1747,36.7983,2467,2002,20.82,48.4,61.1,73.8
-119.1741,36.8012,2467,2002,20.82,48.4,61.1,73.8
-119.1741,36.8012,2467,2002,20.82,48.4,61.1,73.8
-120.0636,38.8677,7313,2002,42.35,32.7,44.3,55.9
-121.2945,39.8882,4970,2002,82.76,42.3,52.9,63.6
-121.237,39.9558,4826,2002,73.01,41.7,52.8,63.9
-121.476,40.4104,6542,2002,90.24,32.4,44.8,57.2
-117.9769,36.5334,3612,2003,4.42,46,61.8,77.7
-117.9769,36.5334,3612,2003,4.42,46,61.8,77.7
-117.9769,36.5334,3612,2003,4.42,46,61.8,77.7
-117.9769,36.5334,3612,2003,4.42,46,61.8,77.7
-117.9466,36.5383,3612,2003,4.42,46,61.8,77.7
-117.98,36.5477,3612,2003,4.29,45.9,62,78.1
-119.6796,37.3855,3074,2003,26.44,47.2,60.4,73.7
-119.729,37.4779,4354,2003,34.21,45.4,57,68.6
-119.6647,37.6629,7188,2003,35.54,38.9,47.6,56.3
-119.6647,37.6629,7188,2003,35.54,38.9,47.6,56.3
-119.601,37.6631,7215,2003,35.89,35.6,46.8,57.9
-119.7993,37.746,6240,2003,33.17,43.3,50.8,58.3
-119.4312,37.9032,8494,2003,33.17,24.9,39.5,54
-119.8294,37.904,4324,2003,33.4,43.4,54.9,66.5
-119.8076,37.9175,5213,2003,35.57,41.8,52.5,63.3
-119.8076,37.9175,5213,2003,35.57,41.8,52.5,63.3
-121.1182,39.6809,4429,2003,76.91,41.3,53,64.7
-121.1182,39.6809,4429,2003,76.91,41.3,53,64.7
-121.1834,39.8376,5607,2003,88.48,41.5,50.8,60.1
-121.1849,39.863,5367,2003,84.71,41,51.1,61.2
-121.1849,39.863,5367,2003,84.71,41,51.1,61.2
-121.0216,39.8919,5299,2003,67.13,40.9,51.4,61.9
-121.1351,39.9428,5604,2003,49.19,40.8,50.5,60.3
-121.2516,40.1253,4554,2003,37.52,39.9,51.3,62.8
-121.2516,40.1253,4554,2003,37.52,39.9,51.3,62.8
-120.6463,40.2005,5512,2003,18.38,36.6,48.6,60.5
-119.4582,37.7378,7759,2004,37.35,29.2,43,56.8
-119.3913,37.742,9281,2004,37.24,24.2,37.9,51.5
-119.3965,37.7569,8307,2004,37.84,25.7,40.3,55
-119.3287,37.7974,10607,2004,37.81,24,35.3,46.6
-119.3287,37.7974,10607,2004,37.81,24,35.3,46.6
-119.0991,37.8106,8058,2004,24.09,26.1,41.3,56.5
-119.8559,37.8803,4147,2004,31.65,42.3,54.8,67.2
-119.8559,37.8803,4147,2004,31.65,42.3,54.8,67.2
-119.8559,37.8803,4147,2004,31.65,42.3,54.8,67.2
-119.6472,37.9168,5344,2004,35.4,39,51.3,63.5
-119.6616,37.917,5344,2004,35.4,39,51.3,63.5
-119.654,37.9186,5344,2004,35.4,39,51.3,63.5
-119.8082,38.485,8671,2004,45.77,30.4,40.2,50
-119.8082,38.485,8671,2004,45.77,30.4,40.2,50
-121.4519,39.8046,2428,2004,52.99,48.5,59.9,71.2
-119.2444,36.9333,1598,2005,28.65,49.3,62,74.6
-119.6353,37.7242,5932,2005,51.59,40.1,50.7,61.4
-119.6269,37.727,5932,2005,51.59,40.1,50.7,61.4
-119.8055,37.7564,6240,2005,54.07,42.4,50.2,58
-119.8141,37.9028,4324,2005,52.42,41.5,53.4,65.3
-119.7939,37.9957,6450,2005,64.81,38.6,48.1,57.5
-119.7287,38.0117,7507,2005,67.46,33.8,44.3,54.8
-119.4805,38.1174,10030,2005,73.76,24.3,35.1,45.9
-119.4489,38.1205,9616,2005,63.53,24.8,36.1,47.5
-119.4489,38.1205,9616,2005,63.53,24.8,36.1,47.5
-119.5843,38.1846,9915,2005,83.25,24.6,35.3,46
-119.5843,38.1846,9915,2005,83.25,24.6,35.3,46
-119.6553,38.2065,9626,2005,81.5,26,36.2,46.4
-120.5047,38.6104,4137,2005,68.08,41,53.9,66.8
-120.5894,38.7911,3015,2005,63.09,43.7,57.1,70.5
-121.4739,39.7421,2224,2005,80.1,49,59.6,70.3
-121.3933,39.8484,3917,2005,100.5,43.8,54.2,64.6